INSERT INTO users (id, full_name, email, role) VALUES ('1a8f27a1-9cf3-4f64-870a-a0de16ef44a6', 'Ruth Moore', 'admin1@remotehustle.com', 'admin');
INSERT INTO users (id, full_name, email, role) VALUES ('d14493fc-baef-4e61-a3cf-6cb8383f9dd1', 'Emily Hernandez', 'admin2@remotehustle.com', 'admin');
INSERT INTO users (id, full_name, email, role) VALUES ('2023ac04-09f2-4a9e-8d3d-cec35a5a9691', 'Pamela Lewis', 'admin3@remotehustle.com', 'admin');
INSERT INTO users (id, full_name, email, role) VALUES ('ea1d2ea0-500f-4ecf-895d-3f4f4522c2b2', 'Laura Ramirez', 'admin4@remotehustle.com', 'admin');
INSERT INTO users (id, full_name, email, role) VALUES ('53e587cb-c561-4008-a1e5-ee1c87dd18b4', 'Eric Mitchell', 'admin5@remotehustle.com', 'admin');
INSERT INTO users (id, full_name, email, role) VALUES ('7308b083-4729-4e33-9508-d40540f59b75', 'Sarah Smith', 'judge1@remotehustle.com', 'judge');
INSERT INTO users (id, full_name, email, role) VALUES ('f1754b2c-83bc-42ce-9190-88d880967675', 'Adam Davis', 'judge2@remotehustle.com', 'judge');
INSERT INTO users (id, full_name, email, role) VALUES ('a6bb311a-7533-4925-b096-26a670f0f43b', 'Sandra Garcia', 'judge3@remotehustle.com', 'judge');
INSERT INTO users (id, full_name, email, role) VALUES ('60e7a4e5-6b3f-473f-a968-f96f032f00e2', 'Catherine King', 'judge4@remotehustle.com', 'judge');
INSERT INTO users (id, full_name, email, role) VALUES ('be0442bf-8810-47e1-a03d-57e8e5791041', 'Benjamin Flores', 'judge5@remotehustle.com', 'judge');
INSERT INTO users (id, full_name, email, role) VALUES ('e6afaee2-ce78-4a2f-ba2c-6ef0dab4947b', 'Richard Lee', 'judge6@remotehustle.com', 'judge');
INSERT INTO users (id, full_name, email, role) VALUES ('f15eb8e1-864a-44d8-9238-d89dd748387c', 'Robert Baker', 'judge7@remotehustle.com', 'judge');
INSERT INTO users (id, full_name, email, role) VALUES ('0c4676f0-5fb0-4b63-a3d1-ed104a3aad2d', 'Brenda Lewis', 'judge8@remotehustle.com', 'judge');
INSERT INTO users (id, full_name, email, role) VALUES ('43845323-e053-47d3-9699-a83657680e7e', 'Jerry Perez', 'judge9@remotehustle.com', 'judge');
INSERT INTO users (id, full_name, email, role) VALUES ('792e89f2-f278-4799-8634-2c770ee661fe', 'William Scott', 'judge10@remotehustle.com', 'judge');
INSERT INTO users (id, full_name, email, role) VALUES ('5d3ad96f-4e00-4022-94a9-e366ac95ac7d', 'Anthony Rivera', 'user1@example.com', 'participant');
INSERT INTO users (id, full_name, email, role) VALUES ('d9c11f04-0f3e-4484-969d-a72683acd69d', 'Julie Torres', 'user2@example.com', 'participant');
INSERT INTO users (id, full_name, email, role) VALUES ('1102db4d-59dd-41d4-8c83-786c63549fa8', 'Emma Lopez', 'user3@example.com', 'participant');
INSERT INTO users (id, full_name, email, role) VALUES ('b7aeec2a-066c-4d77-a7d9-a51a7bbe41e3', 'Nicholas Taylor', 'user4@example.com', 'participant');
INSERT INTO users (id, full_name, email, role) VALUES ('b980d7ea-1392-4669-b1c2-1bdbc40e9764', 'Samantha Perez', 'user5@example.com', 'participant');
INSERT INTO users (id, full_name, email, role) VALUES ('bda9d07e-b7ef-4375-a0dd-4a6eb4b15550', 'Brandon Adams', 'user6@example.com', 'participant');
INSERT INTO users (id, full_name, email, role) VALUES ('4a72506e-23a2-4826-975a-dce34ee3555f', 'Heather Miller', 'user7@example.com', 'participant');
INSERT INTO users (id, full_name, email, role) VALUES ('3f565cf5-c0d5-475a-b61c-7fe2712942f6', 'Lisa Wright', 'user8@example.com', 'participant');
INSERT INTO users (id, full_name, email, role) VALUES ('18d32ebd-bb6f-468e-8b3b-f83b3fc85656', 'Helen Miller', 'user9@example.com', 'participant');
INSERT INTO users (id, full_name, email, role) VALUES ('87f3db76-04af-4df6-8612-4241da1ea356', 'Richard Walker', 'user10@example.com', 'participant');
INSERT INTO users (id, full_name, email, role) VALUES ('292e8767-90c1-4765-a8da-0b2af37b1c74', 'Edward Young', 'user11@example.com', 'participant');
INSERT INTO users (id, full_name, email, role) VALUES ('538f2714-88a7-4916-8464-37cb0a33169d', 'Kenneth Thomas', 'user12@example.com', 'participant');
INSERT INTO users (id, full_name, email, role) VALUES ('c60605be-8916-45e2-9002-62f6b139d98e', 'Ryan Young', 'user13@example.com', 'participant');
INSERT INTO users (id, full_name, email, role) VALUES ('d1ad7d19-2b2b-4636-821a-1642048db79c', 'Brenda Rodriguez', 'user14@example.com', 'participant');
INSERT INTO users (id, full_name, email, role) VALUES ('a9eacb2a-ff19-433a-b070-44bfbb043fb8', 'Paul Thompson', 'user15@example.com', 'participant');
INSERT INTO users (id, full_name, email, role) VALUES ('82335bd6-d92c-42e7-84fb-f43f0c218f67', 'Robert Scott', 'user16@example.com', 'participant');
INSERT INTO users (id, full_name, email, role) VALUES ('187e3b38-ebf6-41be-bb02-3753af925790', 'Joseph Jackson', 'user17@example.com', 'participant');
INSERT INTO users (id, full_name, email, role) VALUES ('7433d066-683f-41fd-bf7d-4209cf67fa7d', 'Cynthia Walker', 'user18@example.com', 'participant');
INSERT INTO users (id, full_name, email, role) VALUES ('5c9ead4c-edee-4268-8cbc-a9e9b6fa4e0e', 'Paul Green', 'user19@example.com', 'participant');
INSERT INTO users (id, full_name, email, role) VALUES ('89e6bb8e-d771-45de-a5d0-5bbade588d4f', 'Melissa Smith', 'user20@example.com', 'participant');
INSERT INTO users (id, full_name, email, role) VALUES ('1120bfbf-a8fa-4fcb-bc5c-5bcca5d60439', 'Christine Harris', 'user21@example.com', 'participant');
INSERT INTO users (id, full_name, email, role) VALUES ('0c8f764d-91b9-4e87-85f3-3933f657bbcc', 'Benjamin Miller', 'user22@example.com', 'participant');
INSERT INTO users (id, full_name, email, role) VALUES ('feacca14-2c2d-4d5d-82a4-f023ad5097ce', 'Victoria Jones', 'user23@example.com', 'participant');
INSERT INTO users (id, full_name, email, role) VALUES ('aa4d0ebd-c640-4346-a63b-b08a437db79c', 'Charles Hernandez', 'user24@example.com', 'participant');
INSERT INTO users (id, full_name, email, role) VALUES ('0633563d-4782-461c-8d92-576f99d01e28', 'Daniel Smith', 'user25@example.com', 'participant');
INSERT INTO users (id, full_name, email, role) VALUES ('b8a91a5d-2df5-4ba1-95e7-836a1234da51', 'Dorothy Thompson', 'user26@example.com', 'participant');
INSERT INTO users (id, full_name, email, role) VALUES ('cb878ce0-c9f3-4704-aa5e-82d0eec3930c', 'Gregory Davis', 'user27@example.com', 'participant');
INSERT INTO users (id, full_name, email, role) VALUES ('7984924c-8dec-43e4-b95f-92d3a33e552d', 'Heather Torres', 'user28@example.com', 'participant');
INSERT INTO users (id, full_name, email, role) VALUES ('bedfa42e-ed5a-4105-8eb6-bfa6246cf947', 'Nicholas Perez', 'user29@example.com', 'participant');
INSERT INTO users (id, full_name, email, role) VALUES ('69cf7f44-64b5-4be0-bc76-004e67f98e3d', 'Deborah Mitchell', 'user30@example.com', 'participant');
INSERT INTO users (id, full_name, email, role) VALUES ('ec55e855-daa0-42b8-802c-f5f6a5ea0fe8', 'Lisa Hernandez', 'user31@example.com', 'participant');
INSERT INTO users (id, full_name, email, role) VALUES ('44722d9a-b624-4271-888e-445481e30119', 'Jonathan Nelson', 'user32@example.com', 'participant');
INSERT INTO users (id, full_name, email, role) VALUES ('8566c1fd-0d44-4497-b5a0-e870df0a547e', 'Scott Wilson', 'user33@example.com', 'participant');
INSERT INTO users (id, full_name, email, role) VALUES ('e8a5a4e2-f318-4893-bd74-1d82519bbf32', 'Mark Rivera', 'user34@example.com', 'participant');
INSERT INTO users (id, full_name, email, role) VALUES ('3f28c01c-a3f9-4968-aa3b-91a7d3ba7586', 'Rebecca Green', 'user35@example.com', 'participant');
INSERT INTO users (id, full_name, email, role) VALUES ('59ad7a70-252e-4f62-8e8e-bcb30db561db', 'Daniel Harris', 'user36@example.com', 'participant');
INSERT INTO users (id, full_name, email, role) VALUES ('4abe3f9d-efd2-4041-8d3d-228fe39dd40f', 'Andrew Rodriguez', 'user37@example.com', 'participant');
INSERT INTO users (id, full_name, email, role) VALUES ('49fe4e0f-e18d-40d4-bc56-9a18b31cb963', 'Gary Hall', 'user38@example.com', 'participant');
INSERT INTO users (id, full_name, email, role) VALUES ('6774742d-5fa5-4a33-8d74-01e16a4c0986', 'Debra Robinson', 'user39@example.com', 'participant');
INSERT INTO users (id, full_name, email, role) VALUES ('1a851399-f809-480c-a72a-c459388e537d', 'Brian Rivera', 'user40@example.com', 'participant');
INSERT INTO users (id, full_name, email, role) VALUES ('3d068ffe-01bf-483b-bade-99d08609b7a4', 'Ruth Sanchez', 'user41@example.com', 'participant');
INSERT INTO users (id, full_name, email, role) VALUES ('976042f2-f57b-40a7-b60f-06976d92d46a', 'Maria Hernandez', 'user42@example.com', 'participant');
INSERT INTO users (id, full_name, email, role) VALUES ('b281cb98-8bf2-48aa-a8bb-1ad71adb5f4d', 'Anna Nelson', 'user43@example.com', 'participant');
INSERT INTO users (id, full_name, email, role) VALUES ('2b9be413-59b6-4c5e-9f1f-88958374ee09', 'Mary Green', 'user44@example.com', 'participant');
INSERT INTO users (id, full_name, email, role) VALUES ('e4e88526-f819-4fe7-97a9-0c17432e8e44', 'Betty White', 'user45@example.com', 'participant');
INSERT INTO users (id, full_name, email, role) VALUES ('039ddb36-aad0-4178-8077-f7adb9eda01e', 'Donald Garcia', 'user46@example.com', 'participant');
INSERT INTO users (id, full_name, email, role) VALUES ('3c264390-6b0a-4daf-ad57-8dd56f623957', 'Aaron Campbell', 'user47@example.com', 'participant');
INSERT INTO users (id, full_name, email, role) VALUES ('76e6075a-458c-4275-8d69-28c3db4e1315', 'Samantha Young', 'user48@example.com', 'participant');
INSERT INTO users (id, full_name, email, role) VALUES ('2e4ff86a-dc09-4225-ab37-8759a363395f', 'Laura Robinson', 'user49@example.com', 'participant');
INSERT INTO users (id, full_name, email, role) VALUES ('74180b08-590d-46c0-84aa-0b681b3e1cd6', 'Samantha Smith', 'user50@example.com', 'participant');
INSERT INTO users (id, full_name, email, role) VALUES ('af04f9fd-4c2c-4062-ad70-dabc991e650c', 'Eric Martinez', 'user51@example.com', 'participant');
INSERT INTO users (id, full_name, email, role) VALUES ('5e82b881-d7fa-46e9-9d7d-93fff50ec4a1', 'Nicholas Ramirez', 'user52@example.com', 'participant');
INSERT INTO users (id, full_name, email, role) VALUES ('cf2495fc-8cfa-4382-acf4-86d4517089ed', 'Donna Jackson', 'user53@example.com', 'participant');
INSERT INTO users (id, full_name, email, role) VALUES ('a8c41714-bb79-44b0-89c8-82e2c4b16552', 'Janet Hill', 'user54@example.com', 'participant');
INSERT INTO users (id, full_name, email, role) VALUES ('c92d2e89-37d0-4956-b529-c666fa6823d9', 'Emma Baker', 'user55@example.com', 'participant');
INSERT INTO users (id, full_name, email, role) VALUES ('b4b62503-0975-4c0c-b8d7-15a281f52794', 'Samuel Lee', 'user56@example.com', 'participant');
INSERT INTO users (id, full_name, email, role) VALUES ('5220896b-df21-4a37-b3fb-dec7f25a70c0', 'Gregory Miller', 'user57@example.com', 'participant');
INSERT INTO users (id, full_name, email, role) VALUES ('e6af4df3-1f76-4737-ad55-330f23b27636', 'Elizabeth Moore', 'user58@example.com', 'participant');
INSERT INTO users (id, full_name, email, role) VALUES ('7570e649-f0fd-42f8-8163-75927785a323', 'Angela Taylor', 'user59@example.com', 'participant');
INSERT INTO users (id, full_name, email, role) VALUES ('b0520e48-5a67-4860-8b51-172dddc36282', 'Ryan White', 'user60@example.com', 'participant');
INSERT INTO users (id, full_name, email, role) VALUES ('75853ebf-d9f4-45f6-8adb-9e5fd7a5fa08', 'Dennis Rivera', 'user61@example.com', 'participant');
INSERT INTO users (id, full_name, email, role) VALUES ('dc7ae8cd-6b55-425c-bb00-76ff50c050c2', 'Frank White', 'user62@example.com', 'participant');
INSERT INTO users (id, full_name, email, role) VALUES ('66cf2abb-088b-4501-a545-3a42c5e5d9a0', 'Jonathan Mitchell', 'user63@example.com', 'participant');
INSERT INTO users (id, full_name, email, role) VALUES ('e361e91a-e206-43c9-a9f7-4eb028c2115b', 'Kenneth Adams', 'user64@example.com', 'participant');
INSERT INTO users (id, full_name, email, role) VALUES ('0ebcbe5c-839f-43fd-8c60-7eebd0f7c226', 'George Adams', 'user65@example.com', 'participant');
INSERT INTO users (id, full_name, email, role) VALUES ('40f18553-6192-462e-b103-fe57afb186dc', 'Adam Rodriguez', 'user66@example.com', 'participant');
INSERT INTO users (id, full_name, email, role) VALUES ('6a8ebccc-8810-4280-a80e-e2cdf2365e72', 'Jack King', 'user67@example.com', 'participant');
INSERT INTO users (id, full_name, email, role) VALUES ('0e9ee0e9-8b04-457e-98d3-6bc997ec6a9a', 'Joseph Martinez', 'user68@example.com', 'participant');
INSERT INTO users (id, full_name, email, role) VALUES ('ded7130f-2837-414b-b3fd-131b584a7932', 'Julie Thompson', 'user69@example.com', 'participant');
INSERT INTO users (id, full_name, email, role) VALUES ('03febbcf-0bc6-4c1e-98ee-246c37f622df', 'Betty Robinson', 'user70@example.com', 'participant');
INSERT INTO users (id, full_name, email, role) VALUES ('5efd6606-763c-4067-b820-8b5e8cfbe80e', 'Thomas Lewis', 'user71@example.com', 'participant');
INSERT INTO users (id, full_name, email, role) VALUES ('0c39dfac-9133-457d-8f1d-dd84d14e7b3f', 'Tyler Johnson', 'user72@example.com', 'participant');
INSERT INTO users (id, full_name, email, role) VALUES ('ab710e40-0d9c-42a8-84af-db7bbdace4de', 'Kevin Harris', 'user73@example.com', 'participant');
INSERT INTO users (id, full_name, email, role) VALUES ('243ec38e-0c88-4eb8-b19d-45152f7b1c1e', 'Heather Ramirez', 'user74@example.com', 'participant');
INSERT INTO users (id, full_name, email, role) VALUES ('c2ce88f6-b05e-4988-a6bd-c0440a7ab4c5', 'Anthony Robinson', 'user75@example.com', 'participant');
INSERT INTO users (id, full_name, email, role) VALUES ('7a4d2073-06ce-4620-ace1-26e16d39264f', 'Andrew Hill', 'user76@example.com', 'participant');
INSERT INTO users (id, full_name, email, role) VALUES ('2eaaf2a8-183a-4167-b0ef-a40153307ab9', 'Patricia Ramirez', 'user77@example.com', 'participant');
INSERT INTO users (id, full_name, email, role) VALUES ('41f04046-08b1-4f0a-9ccb-ddfa5638d802', 'Karen Walker', 'user78@example.com', 'participant');
INSERT INTO users (id, full_name, email, role) VALUES ('10b9ddf0-bff6-430e-a8dd-e2bef5fd3e5c', 'Diane Young', 'user79@example.com', 'participant');
INSERT INTO users (id, full_name, email, role) VALUES ('80b8b3a0-f601-46bc-ac79-addaab0f0749', 'Matthew Green', 'user80@example.com', 'participant');
INSERT INTO users (id, full_name, email, role) VALUES ('a7e8c6d5-1fa2-47cc-af60-01fe64883111', 'Karen Scott', 'user81@example.com', 'participant');
INSERT INTO users (id, full_name, email, role) VALUES ('4dc47366-8033-4e71-83f5-3610f0ddeb50', 'Dorothy Thompson', 'user82@example.com', 'participant');
INSERT INTO users (id, full_name, email, role) VALUES ('bb334505-5dc9-4763-a281-197a0079d90b', 'Justin Torres', 'user83@example.com', 'participant');
INSERT INTO users (id, full_name, email, role) VALUES ('e8c3ce80-99c2-45ab-b785-e1ace13e65c2', 'Jonathan Adams', 'user84@example.com', 'participant');
INSERT INTO users (id, full_name, email, role) VALUES ('894a06b6-0ec5-4337-8c17-ab2d824239c0', 'Anna Allen', 'user85@example.com', 'participant');
INSERT INTO users (id, full_name, email, role) VALUES ('ce5d3554-4918-4b6b-8508-00ce89ecf034', 'Sandra Roberts', 'user86@example.com', 'participant');
INSERT INTO users (id, full_name, email, role) VALUES ('c2a9316e-b0d2-42fb-ab78-8e17a7dfa18c', 'Angela Carter', 'user87@example.com', 'participant');
INSERT INTO users (id, full_name, email, role) VALUES ('fa340551-d556-49f2-8f2e-ff9956539ee0', 'Mary Jones', 'user88@example.com', 'participant');
INSERT INTO users (id, full_name, email, role) VALUES ('f4b4a25e-044c-4b05-976c-966429c7e606', 'Thomas Mitchell', 'user89@example.com', 'participant');
INSERT INTO users (id, full_name, email, role) VALUES ('d9e1898e-9d99-45fc-898a-13a8a870fac4', 'Jennifer Taylor', 'user90@example.com', 'participant');
INSERT INTO users (id, full_name, email, role) VALUES ('8be4a705-61ee-4392-b956-df8e4a1652b8', 'Janet Sanchez', 'user91@example.com', 'participant');
INSERT INTO users (id, full_name, email, role) VALUES ('6a219be5-45d1-47d1-8671-81c7d81a74fa', 'Paul Gonzalez', 'user92@example.com', 'participant');
INSERT INTO users (id, full_name, email, role) VALUES ('d2ff0aa8-7eec-4c2f-b947-bd3d5106b309', 'David Jones', 'user93@example.com', 'participant');
INSERT INTO users (id, full_name, email, role) VALUES ('1c661143-35f1-405c-b2d0-8d24d01c6dcc', 'Carolyn Jones', 'user94@example.com', 'participant');
INSERT INTO users (id, full_name, email, role) VALUES ('a26ce04e-daef-422d-9faa-e873c0500c89', 'Jennifer Baker', 'user95@example.com', 'participant');
INSERT INTO users (id, full_name, email, role) VALUES ('e172fffc-3b9c-47ae-9be4-d5ff50e6b55c', 'Dennis Ramirez', 'user96@example.com', 'participant');
INSERT INTO users (id, full_name, email, role) VALUES ('cfa5a7dc-26c5-4bf0-8eaa-a4e0f1a1f907', 'Paul Smith', 'user97@example.com', 'participant');
INSERT INTO users (id, full_name, email, role) VALUES ('7f1fd839-3bdb-402b-81e5-8481f74400fb', 'Raymond Wilson', 'user98@example.com', 'participant');
INSERT INTO users (id, full_name, email, role) VALUES ('cefa669e-2096-48a9-8c61-32f0ab5665e3', 'Larry Martinez', 'user99@example.com', 'participant');
INSERT INTO users (id, full_name, email, role) VALUES ('daa0ac4f-521e-46ef-a99a-a3eeb07c2a2a', 'Amanda Mitchell', 'user100@example.com', 'participant');
INSERT INTO profiles (user_id, github_handle, tech_stack, bio) VALUES ('5d3ad96f-4e00-4022-94a9-e366ac95ac7d', 'https://github.com/5d3ad96f', ARRAY['PostgreSQL', 'AWS', 'FastAPI'], 'Full stack developer interested in PostgreSQL.');
INSERT INTO profiles (user_id, github_handle, tech_stack, bio) VALUES ('d9c11f04-0f3e-4484-969d-a72683acd69d', 'https://github.com/d9c11f04', ARRAY['Svelte'], 'Full stack developer interested in Svelte.');
INSERT INTO profiles (user_id, github_handle, tech_stack, bio) VALUES ('1102db4d-59dd-41d4-8c83-786c63549fa8', 'https://github.com/1102db4d', ARRAY['FastAPI', 'AWS', 'Next.js'], 'Full stack developer interested in FastAPI.');
INSERT INTO profiles (user_id, github_handle, tech_stack, bio) VALUES ('b7aeec2a-066c-4d77-a7d9-a51a7bbe41e3', 'https://github.com/b7aeec2a', ARRAY['Node.js', 'Svelte', 'AWS'], 'Full stack developer interested in Node.js.');
INSERT INTO profiles (user_id, github_handle, tech_stack, bio) VALUES ('b980d7ea-1392-4669-b1c2-1bdbc40e9764', 'https://github.com/b980d7ea', ARRAY['Svelte', 'MongoDB', 'Next.js'], 'Full stack developer interested in Svelte.');
INSERT INTO profiles (user_id, github_handle, tech_stack, bio) VALUES ('bda9d07e-b7ef-4375-a0dd-4a6eb4b15550', 'https://github.com/bda9d07e', ARRAY['Python', 'AWS'], 'Full stack developer interested in Python.');
INSERT INTO profiles (user_id, github_handle, tech_stack, bio) VALUES ('4a72506e-23a2-4826-975a-dce34ee3555f', 'https://github.com/4a72506e', ARRAY['React', 'AWS'], 'Full stack developer interested in React.');
INSERT INTO profiles (user_id, github_handle, tech_stack, bio) VALUES ('3f565cf5-c0d5-475a-b61c-7fe2712942f6', 'https://github.com/3f565cf5', ARRAY['Next.js', 'Docker', 'React'], 'Full stack developer interested in Next.js.');
INSERT INTO profiles (user_id, github_handle, tech_stack, bio) VALUES ('18d32ebd-bb6f-468e-8b3b-f83b3fc85656', 'https://github.com/18d32ebd', ARRAY['FastAPI', 'AWS', 'PostgreSQL'], 'Full stack developer interested in FastAPI.');
INSERT INTO profiles (user_id, github_handle, tech_stack, bio) VALUES ('87f3db76-04af-4df6-8612-4241da1ea356', 'https://github.com/87f3db76', ARRAY['Docker', 'AWS', 'PostgreSQL'], 'Full stack developer interested in Docker.');
INSERT INTO profiles (user_id, github_handle, tech_stack, bio) VALUES ('292e8767-90c1-4765-a8da-0b2af37b1c74', 'https://github.com/292e8767', ARRAY['Python', 'FastAPI'], 'Full stack developer interested in Python.');
INSERT INTO profiles (user_id, github_handle, tech_stack, bio) VALUES ('538f2714-88a7-4916-8464-37cb0a33169d', 'https://github.com/538f2714', ARRAY['Svelte'], 'Full stack developer interested in Svelte.');
INSERT INTO profiles (user_id, github_handle, tech_stack, bio) VALUES ('c60605be-8916-45e2-9002-62f6b139d98e', 'https://github.com/c60605be', ARRAY['Svelte', 'FastAPI'], 'Full stack developer interested in Svelte.');
INSERT INTO profiles (user_id, github_handle, tech_stack, bio) VALUES ('d1ad7d19-2b2b-4636-821a-1642048db79c', 'https://github.com/d1ad7d19', ARRAY['React'], 'Full stack developer interested in React.');
INSERT INTO profiles (user_id, github_handle, tech_stack, bio) VALUES ('a9eacb2a-ff19-433a-b070-44bfbb043fb8', 'https://github.com/a9eacb2a', ARRAY['Svelte'], 'Full stack developer interested in Svelte.');
INSERT INTO profiles (user_id, github_handle, tech_stack, bio) VALUES ('82335bd6-d92c-42e7-84fb-f43f0c218f67', 'https://github.com/82335bd6', ARRAY['FastAPI', 'Python', 'Node.js'], 'Full stack developer interested in FastAPI.');
INSERT INTO profiles (user_id, github_handle, tech_stack, bio) VALUES ('187e3b38-ebf6-41be-bb02-3753af925790', 'https://github.com/187e3b38', ARRAY['PostgreSQL', 'Python', 'Node.js'], 'Full stack developer interested in PostgreSQL.');
INSERT INTO profiles (user_id, github_handle, tech_stack, bio) VALUES ('7433d066-683f-41fd-bf7d-4209cf67fa7d', 'https://github.com/7433d066', ARRAY['React', 'Python'], 'Full stack developer interested in React.');
INSERT INTO profiles (user_id, github_handle, tech_stack, bio) VALUES ('5c9ead4c-edee-4268-8cbc-a9e9b6fa4e0e', 'https://github.com/5c9ead4c', ARRAY['MongoDB', 'Docker', 'Svelte'], 'Full stack developer interested in MongoDB.');
INSERT INTO profiles (user_id, github_handle, tech_stack, bio) VALUES ('89e6bb8e-d771-45de-a5d0-5bbade588d4f', 'https://github.com/89e6bb8e', ARRAY['Docker', 'PostgreSQL'], 'Full stack developer interested in Docker.');
INSERT INTO profiles (user_id, github_handle, tech_stack, bio) VALUES ('1120bfbf-a8fa-4fcb-bc5c-5bcca5d60439', 'https://github.com/1120bfbf', ARRAY['Python'], 'Full stack developer interested in Python.');
INSERT INTO profiles (user_id, github_handle, tech_stack, bio) VALUES ('0c8f764d-91b9-4e87-85f3-3933f657bbcc', 'https://github.com/0c8f764d', ARRAY['Node.js'], 'Full stack developer interested in Node.js.');
INSERT INTO profiles (user_id, github_handle, tech_stack, bio) VALUES ('feacca14-2c2d-4d5d-82a4-f023ad5097ce', 'https://github.com/feacca14', ARRAY['Node.js', 'AWS'], 'Full stack developer interested in Node.js.');
INSERT INTO profiles (user_id, github_handle, tech_stack, bio) VALUES ('aa4d0ebd-c640-4346-a63b-b08a437db79c', 'https://github.com/aa4d0ebd', ARRAY['Python'], 'Full stack developer interested in Python.');
INSERT INTO profiles (user_id, github_handle, tech_stack, bio) VALUES ('0633563d-4782-461c-8d92-576f99d01e28', 'https://github.com/0633563d', ARRAY['Python'], 'Full stack developer interested in Python.');
INSERT INTO profiles (user_id, github_handle, tech_stack, bio) VALUES ('b8a91a5d-2df5-4ba1-95e7-836a1234da51', 'https://github.com/b8a91a5d', ARRAY['Python'], 'Full stack developer interested in Python.');
INSERT INTO profiles (user_id, github_handle, tech_stack, bio) VALUES ('cb878ce0-c9f3-4704-aa5e-82d0eec3930c', 'https://github.com/cb878ce0', ARRAY['Docker', 'PostgreSQL'], 'Full stack developer interested in Docker.');
INSERT INTO profiles (user_id, github_handle, tech_stack, bio) VALUES ('7984924c-8dec-43e4-b95f-92d3a33e552d', 'https://github.com/7984924c', ARRAY['Node.js', 'AWS'], 'Full stack developer interested in Node.js.');
INSERT INTO profiles (user_id, github_handle, tech_stack, bio) VALUES ('bedfa42e-ed5a-4105-8eb6-bfa6246cf947', 'https://github.com/bedfa42e', ARRAY['PostgreSQL', 'AWS', 'FastAPI'], 'Full stack developer interested in PostgreSQL.');
INSERT INTO profiles (user_id, github_handle, tech_stack, bio) VALUES ('69cf7f44-64b5-4be0-bc76-004e67f98e3d', 'https://github.com/69cf7f44', ARRAY['Node.js'], 'Full stack developer interested in Node.js.');
INSERT INTO profiles (user_id, github_handle, tech_stack, bio) VALUES ('ec55e855-daa0-42b8-802c-f5f6a5ea0fe8', 'https://github.com/ec55e855', ARRAY['Next.js', 'Node.js', 'MongoDB'], 'Full stack developer interested in Next.js.');
INSERT INTO profiles (user_id, github_handle, tech_stack, bio) VALUES ('44722d9a-b624-4271-888e-445481e30119', 'https://github.com/44722d9a', ARRAY['Node.js', 'MongoDB'], 'Full stack developer interested in Node.js.');
INSERT INTO profiles (user_id, github_handle, tech_stack, bio) VALUES ('8566c1fd-0d44-4497-b5a0-e870df0a547e', 'https://github.com/8566c1fd', ARRAY['FastAPI', 'React'], 'Full stack developer interested in FastAPI.');
INSERT INTO profiles (user_id, github_handle, tech_stack, bio) VALUES ('e8a5a4e2-f318-4893-bd74-1d82519bbf32', 'https://github.com/e8a5a4e2', ARRAY['FastAPI', 'Node.js', 'AWS'], 'Full stack developer interested in FastAPI.');
INSERT INTO profiles (user_id, github_handle, tech_stack, bio) VALUES ('3f28c01c-a3f9-4968-aa3b-91a7d3ba7586', 'https://github.com/3f28c01c', ARRAY['Svelte', 'MongoDB', 'PostgreSQL'], 'Full stack developer interested in Svelte.');
INSERT INTO profiles (user_id, github_handle, tech_stack, bio) VALUES ('59ad7a70-252e-4f62-8e8e-bcb30db561db', 'https://github.com/59ad7a70', ARRAY['PostgreSQL', 'Svelte', 'MongoDB'], 'Full stack developer interested in PostgreSQL.');
INSERT INTO profiles (user_id, github_handle, tech_stack, bio) VALUES ('4abe3f9d-efd2-4041-8d3d-228fe39dd40f', 'https://github.com/4abe3f9d', ARRAY['MongoDB'], 'Full stack developer interested in MongoDB.');
INSERT INTO profiles (user_id, github_handle, tech_stack, bio) VALUES ('49fe4e0f-e18d-40d4-bc56-9a18b31cb963', 'https://github.com/49fe4e0f', ARRAY['Node.js', 'React'], 'Full stack developer interested in Node.js.');
INSERT INTO profiles (user_id, github_handle, tech_stack, bio) VALUES ('6774742d-5fa5-4a33-8d74-01e16a4c0986', 'https://github.com/6774742d', ARRAY['React', 'Python', 'Svelte'], 'Full stack developer interested in React.');
INSERT INTO profiles (user_id, github_handle, tech_stack, bio) VALUES ('1a851399-f809-480c-a72a-c459388e537d', 'https://github.com/1a851399', ARRAY['Next.js', 'Svelte', 'MongoDB'], 'Full stack developer interested in Next.js.');
INSERT INTO profiles (user_id, github_handle, tech_stack, bio) VALUES ('3d068ffe-01bf-483b-bade-99d08609b7a4', 'https://github.com/3d068ffe', ARRAY['Next.js', 'Python', 'PostgreSQL'], 'Full stack developer interested in Next.js.');
INSERT INTO profiles (user_id, github_handle, tech_stack, bio) VALUES ('976042f2-f57b-40a7-b60f-06976d92d46a', 'https://github.com/976042f2', ARRAY['Next.js', 'FastAPI'], 'Full stack developer interested in Next.js.');
INSERT INTO profiles (user_id, github_handle, tech_stack, bio) VALUES ('b281cb98-8bf2-48aa-a8bb-1ad71adb5f4d', 'https://github.com/b281cb98', ARRAY['Next.js'], 'Full stack developer interested in Next.js.');
INSERT INTO profiles (user_id, github_handle, tech_stack, bio) VALUES ('2b9be413-59b6-4c5e-9f1f-88958374ee09', 'https://github.com/2b9be413', ARRAY['Next.js'], 'Full stack developer interested in Next.js.');
INSERT INTO profiles (user_id, github_handle, tech_stack, bio) VALUES ('e4e88526-f819-4fe7-97a9-0c17432e8e44', 'https://github.com/e4e88526', ARRAY['Svelte', 'Docker'], 'Full stack developer interested in Svelte.');
INSERT INTO profiles (user_id, github_handle, tech_stack, bio) VALUES ('039ddb36-aad0-4178-8077-f7adb9eda01e', 'https://github.com/039ddb36', ARRAY['PostgreSQL'], 'Full stack developer interested in PostgreSQL.');
INSERT INTO profiles (user_id, github_handle, tech_stack, bio) VALUES ('3c264390-6b0a-4daf-ad57-8dd56f623957', 'https://github.com/3c264390', ARRAY['Python', 'Next.js', 'FastAPI'], 'Full stack developer interested in Python.');
INSERT INTO profiles (user_id, github_handle, tech_stack, bio) VALUES ('76e6075a-458c-4275-8d69-28c3db4e1315', 'https://github.com/76e6075a', ARRAY['Docker', 'PostgreSQL'], 'Full stack developer interested in Docker.');
INSERT INTO profiles (user_id, github_handle, tech_stack, bio) VALUES ('2e4ff86a-dc09-4225-ab37-8759a363395f', 'https://github.com/2e4ff86a', ARRAY['FastAPI', 'Next.js'], 'Full stack developer interested in FastAPI.');
INSERT INTO profiles (user_id, github_handle, tech_stack, bio) VALUES ('74180b08-590d-46c0-84aa-0b681b3e1cd6', 'https://github.com/74180b08', ARRAY['PostgreSQL'], 'Full stack developer interested in PostgreSQL.');
INSERT INTO profiles (user_id, github_handle, tech_stack, bio) VALUES ('af04f9fd-4c2c-4062-ad70-dabc991e650c', 'https://github.com/af04f9fd', ARRAY['Python', 'Next.js'], 'Full stack developer interested in Python.');
INSERT INTO profiles (user_id, github_handle, tech_stack, bio) VALUES ('5e82b881-d7fa-46e9-9d7d-93fff50ec4a1', 'https://github.com/5e82b881', ARRAY['Next.js', 'Docker'], 'Full stack developer interested in Next.js.');
INSERT INTO profiles (user_id, github_handle, tech_stack, bio) VALUES ('cf2495fc-8cfa-4382-acf4-86d4517089ed', 'https://github.com/cf2495fc', ARRAY['PostgreSQL'], 'Full stack developer interested in PostgreSQL.');
INSERT INTO profiles (user_id, github_handle, tech_stack, bio) VALUES ('a8c41714-bb79-44b0-89c8-82e2c4b16552', 'https://github.com/a8c41714', ARRAY['Node.js', 'Svelte', 'MongoDB'], 'Full stack developer interested in Node.js.');
INSERT INTO profiles (user_id, github_handle, tech_stack, bio) VALUES ('c92d2e89-37d0-4956-b529-c666fa6823d9', 'https://github.com/c92d2e89', ARRAY['PostgreSQL'], 'Full stack developer interested in PostgreSQL.');
INSERT INTO profiles (user_id, github_handle, tech_stack, bio) VALUES ('b4b62503-0975-4c0c-b8d7-15a281f52794', 'https://github.com/b4b62503', ARRAY['React'], 'Full stack developer interested in React.');
INSERT INTO profiles (user_id, github_handle, tech_stack, bio) VALUES ('5220896b-df21-4a37-b3fb-dec7f25a70c0', 'https://github.com/5220896b', ARRAY['Node.js', 'Svelte'], 'Full stack developer interested in Node.js.');
INSERT INTO profiles (user_id, github_handle, tech_stack, bio) VALUES ('e6af4df3-1f76-4737-ad55-330f23b27636', 'https://github.com/e6af4df3', ARRAY['Svelte', 'React'], 'Full stack developer interested in Svelte.');
INSERT INTO profiles (user_id, github_handle, tech_stack, bio) VALUES ('7570e649-f0fd-42f8-8163-75927785a323', 'https://github.com/7570e649', ARRAY['Node.js', 'Next.js', 'MongoDB'], 'Full stack developer interested in Node.js.');
INSERT INTO profiles (user_id, github_handle, tech_stack, bio) VALUES ('b0520e48-5a67-4860-8b51-172dddc36282', 'https://github.com/b0520e48', ARRAY['Docker', 'MongoDB', 'React'], 'Full stack developer interested in Docker.');
INSERT INTO profiles (user_id, github_handle, tech_stack, bio) VALUES ('75853ebf-d9f4-45f6-8adb-9e5fd7a5fa08', 'https://github.com/75853ebf', ARRAY['PostgreSQL'], 'Full stack developer interested in PostgreSQL.');
INSERT INTO profiles (user_id, github_handle, tech_stack, bio) VALUES ('dc7ae8cd-6b55-425c-bb00-76ff50c050c2', 'https://github.com/dc7ae8cd', ARRAY['MongoDB'], 'Full stack developer interested in MongoDB.');
INSERT INTO profiles (user_id, github_handle, tech_stack, bio) VALUES ('66cf2abb-088b-4501-a545-3a42c5e5d9a0', 'https://github.com/66cf2abb', ARRAY['React'], 'Full stack developer interested in React.');
INSERT INTO profiles (user_id, github_handle, tech_stack, bio) VALUES ('e361e91a-e206-43c9-a9f7-4eb028c2115b', 'https://github.com/e361e91a', ARRAY['AWS', 'PostgreSQL'], 'Full stack developer interested in AWS.');
INSERT INTO profiles (user_id, github_handle, tech_stack, bio) VALUES ('0ebcbe5c-839f-43fd-8c60-7eebd0f7c226', 'https://github.com/0ebcbe5c', ARRAY['AWS'], 'Full stack developer interested in AWS.');
INSERT INTO profiles (user_id, github_handle, tech_stack, bio) VALUES ('40f18553-6192-462e-b103-fe57afb186dc', 'https://github.com/40f18553', ARRAY['Svelte', 'React', 'Node.js'], 'Full stack developer interested in Svelte.');
INSERT INTO profiles (user_id, github_handle, tech_stack, bio) VALUES ('6a8ebccc-8810-4280-a80e-e2cdf2365e72', 'https://github.com/6a8ebccc', ARRAY['Node.js'], 'Full stack developer interested in Node.js.');
INSERT INTO profiles (user_id, github_handle, tech_stack, bio) VALUES ('0e9ee0e9-8b04-457e-98d3-6bc997ec6a9a', 'https://github.com/0e9ee0e9', ARRAY['PostgreSQL', 'Node.js', 'Next.js'], 'Full stack developer interested in PostgreSQL.');
INSERT INTO profiles (user_id, github_handle, tech_stack, bio) VALUES ('ded7130f-2837-414b-b3fd-131b584a7932', 'https://github.com/ded7130f', ARRAY['Python', 'AWS'], 'Full stack developer interested in Python.');
INSERT INTO profiles (user_id, github_handle, tech_stack, bio) VALUES ('03febbcf-0bc6-4c1e-98ee-246c37f622df', 'https://github.com/03febbcf', ARRAY['Node.js', 'Next.js'], 'Full stack developer interested in Node.js.');
INSERT INTO profiles (user_id, github_handle, tech_stack, bio) VALUES ('5efd6606-763c-4067-b820-8b5e8cfbe80e', 'https://github.com/5efd6606', ARRAY['React'], 'Full stack developer interested in React.');
INSERT INTO profiles (user_id, github_handle, tech_stack, bio) VALUES ('0c39dfac-9133-457d-8f1d-dd84d14e7b3f', 'https://github.com/0c39dfac', ARRAY['PostgreSQL', 'Node.js'], 'Full stack developer interested in PostgreSQL.');
INSERT INTO profiles (user_id, github_handle, tech_stack, bio) VALUES ('ab710e40-0d9c-42a8-84af-db7bbdace4de', 'https://github.com/ab710e40', ARRAY['React', 'Node.js', 'Svelte'], 'Full stack developer interested in React.');
INSERT INTO profiles (user_id, github_handle, tech_stack, bio) VALUES ('243ec38e-0c88-4eb8-b19d-45152f7b1c1e', 'https://github.com/243ec38e', ARRAY['Python'], 'Full stack developer interested in Python.');
INSERT INTO profiles (user_id, github_handle, tech_stack, bio) VALUES ('c2ce88f6-b05e-4988-a6bd-c0440a7ab4c5', 'https://github.com/c2ce88f6', ARRAY['Node.js', 'Python', 'Svelte'], 'Full stack developer interested in Node.js.');
INSERT INTO profiles (user_id, github_handle, tech_stack, bio) VALUES ('7a4d2073-06ce-4620-ace1-26e16d39264f', 'https://github.com/7a4d2073', ARRAY['Node.js', 'MongoDB', 'Python'], 'Full stack developer interested in Node.js.');
INSERT INTO profiles (user_id, github_handle, tech_stack, bio) VALUES ('2eaaf2a8-183a-4167-b0ef-a40153307ab9', 'https://github.com/2eaaf2a8', ARRAY['React'], 'Full stack developer interested in React.');
INSERT INTO profiles (user_id, github_handle, tech_stack, bio) VALUES ('41f04046-08b1-4f0a-9ccb-ddfa5638d802', 'https://github.com/41f04046', ARRAY['Docker'], 'Full stack developer interested in Docker.');
INSERT INTO profiles (user_id, github_handle, tech_stack, bio) VALUES ('10b9ddf0-bff6-430e-a8dd-e2bef5fd3e5c', 'https://github.com/10b9ddf0', ARRAY['Node.js', 'Next.js', 'Docker'], 'Full stack developer interested in Node.js.');
INSERT INTO profiles (user_id, github_handle, tech_stack, bio) VALUES ('80b8b3a0-f601-46bc-ac79-addaab0f0749', 'https://github.com/80b8b3a0', ARRAY['Svelte', 'Next.js'], 'Full stack developer interested in Svelte.');
INSERT INTO profiles (user_id, github_handle, tech_stack, bio) VALUES ('a7e8c6d5-1fa2-47cc-af60-01fe64883111', 'https://github.com/a7e8c6d5', ARRAY['Next.js', 'AWS'], 'Full stack developer interested in Next.js.');
INSERT INTO profiles (user_id, github_handle, tech_stack, bio) VALUES ('4dc47366-8033-4e71-83f5-3610f0ddeb50', 'https://github.com/4dc47366', ARRAY['AWS', 'Docker'], 'Full stack developer interested in AWS.');
INSERT INTO profiles (user_id, github_handle, tech_stack, bio) VALUES ('bb334505-5dc9-4763-a281-197a0079d90b', 'https://github.com/bb334505', ARRAY['Next.js', 'Python'], 'Full stack developer interested in Next.js.');
INSERT INTO profiles (user_id, github_handle, tech_stack, bio) VALUES ('e8c3ce80-99c2-45ab-b785-e1ace13e65c2', 'https://github.com/e8c3ce80', ARRAY['Python'], 'Full stack developer interested in Python.');
INSERT INTO profiles (user_id, github_handle, tech_stack, bio) VALUES ('894a06b6-0ec5-4337-8c17-ab2d824239c0', 'https://github.com/894a06b6', ARRAY['AWS', 'Node.js', 'MongoDB'], 'Full stack developer interested in AWS.');
INSERT INTO profiles (user_id, github_handle, tech_stack, bio) VALUES ('ce5d3554-4918-4b6b-8508-00ce89ecf034', 'https://github.com/ce5d3554', ARRAY['PostgreSQL', 'React', 'MongoDB'], 'Full stack developer interested in PostgreSQL.');
INSERT INTO profiles (user_id, github_handle, tech_stack, bio) VALUES ('c2a9316e-b0d2-42fb-ab78-8e17a7dfa18c', 'https://github.com/c2a9316e', ARRAY['Node.js'], 'Full stack developer interested in Node.js.');
INSERT INTO profiles (user_id, github_handle, tech_stack, bio) VALUES ('fa340551-d556-49f2-8f2e-ff9956539ee0', 'https://github.com/fa340551', ARRAY['Node.js'], 'Full stack developer interested in Node.js.');
INSERT INTO profiles (user_id, github_handle, tech_stack, bio) VALUES ('f4b4a25e-044c-4b05-976c-966429c7e606', 'https://github.com/f4b4a25e', ARRAY['Docker', 'MongoDB', 'AWS'], 'Full stack developer interested in Docker.');
INSERT INTO profiles (user_id, github_handle, tech_stack, bio) VALUES ('d9e1898e-9d99-45fc-898a-13a8a870fac4', 'https://github.com/d9e1898e', ARRAY['AWS'], 'Full stack developer interested in AWS.');
INSERT INTO profiles (user_id, github_handle, tech_stack, bio) VALUES ('8be4a705-61ee-4392-b956-df8e4a1652b8', 'https://github.com/8be4a705', ARRAY['Next.js', 'MongoDB', 'AWS'], 'Full stack developer interested in Next.js.');
INSERT INTO profiles (user_id, github_handle, tech_stack, bio) VALUES ('6a219be5-45d1-47d1-8671-81c7d81a74fa', 'https://github.com/6a219be5', ARRAY['Python', 'Svelte'], 'Full stack developer interested in Python.');
INSERT INTO profiles (user_id, github_handle, tech_stack, bio) VALUES ('d2ff0aa8-7eec-4c2f-b947-bd3d5106b309', 'https://github.com/d2ff0aa8', ARRAY['MongoDB'], 'Full stack developer interested in MongoDB.');
INSERT INTO profiles (user_id, github_handle, tech_stack, bio) VALUES ('1c661143-35f1-405c-b2d0-8d24d01c6dcc', 'https://github.com/1c661143', ARRAY['Svelte', 'Next.js', 'React'], 'Full stack developer interested in Svelte.');
INSERT INTO profiles (user_id, github_handle, tech_stack, bio) VALUES ('a26ce04e-daef-422d-9faa-e873c0500c89', 'https://github.com/a26ce04e', ARRAY['MongoDB'], 'Full stack developer interested in MongoDB.');
INSERT INTO profiles (user_id, github_handle, tech_stack, bio) VALUES ('e172fffc-3b9c-47ae-9be4-d5ff50e6b55c', 'https://github.com/e172fffc', ARRAY['FastAPI', 'Docker', 'Svelte'], 'Full stack developer interested in FastAPI.');
INSERT INTO profiles (user_id, github_handle, tech_stack, bio) VALUES ('cfa5a7dc-26c5-4bf0-8eaa-a4e0f1a1f907', 'https://github.com/cfa5a7dc', ARRAY['React'], 'Full stack developer interested in React.');
INSERT INTO profiles (user_id, github_handle, tech_stack, bio) VALUES ('7f1fd839-3bdb-402b-81e5-8481f74400fb', 'https://github.com/7f1fd839', ARRAY['Node.js'], 'Full stack developer interested in Node.js.');
INSERT INTO profiles (user_id, github_handle, tech_stack, bio) VALUES ('cefa669e-2096-48a9-8c61-32f0ab5665e3', 'https://github.com/cefa669e', ARRAY['Docker', 'FastAPI'], 'Full stack developer interested in Docker.');
INSERT INTO profiles (user_id, github_handle, tech_stack, bio) VALUES ('daa0ac4f-521e-46ef-a99a-a3eeb07c2a2a', 'https://github.com/daa0ac4f', ARRAY['Svelte', 'AWS'], 'Full stack developer interested in Svelte.');
INSERT INTO stages (id, name, start_date, end_date) VALUES (1, 'Stage 1: Operation Master', '2023-10-01', '2023-10-07');
INSERT INTO stages (id, name, start_date, end_date) VALUES (2, 'Stage 2: API integration', '2023-10-08', '2023-10-14');
INSERT INTO challenges (id, stage_id, title, description, due_date) VALUES (1, 1, 'Build the DB', 'Create a master operational database.', '2023-10-07 23:59:59');
INSERT INTO challenges (id, stage_id, title, description, due_date) VALUES (2, 2, 'Build the API', 'Create a REST API for the DB.', '2023-10-14 23:59:59');
INSERT INTO submissions (id, participant_id, challenge_id, repo_url, demo_video_url, status) VALUES ('723ab545-ddce-479f-b400-f030cd6eddba', '0c39dfac-9133-457d-8f1d-dd84d14e7b3f', 1, 'https://github.com/remotehustle/repo-723ab', 'https://loom.com/723ab', 'completed');
INSERT INTO submissions (id, participant_id, challenge_id, repo_url, demo_video_url, status) VALUES ('617cd1de-1932-4e12-aa6a-fbcf1bdeb555', '1120bfbf-a8fa-4fcb-bc5c-5bcca5d60439', 1, 'https://github.com/remotehustle/repo-617cd', 'https://loom.com/617cd', 'under_review');
INSERT INTO submissions (id, participant_id, challenge_id, repo_url, demo_video_url, status) VALUES ('7ce73422-3c51-4b44-9848-78c36f653ecb', 'd9e1898e-9d99-45fc-898a-13a8a870fac4', 1, 'https://github.com/remotehustle/repo-7ce73', 'https://loom.com/7ce73', 'under_review');
INSERT INTO submissions (id, participant_id, challenge_id, repo_url, demo_video_url, status) VALUES ('3bfc019d-ca85-41da-841d-5ac29b83d6f0', '187e3b38-ebf6-41be-bb02-3753af925790', 1, 'https://github.com/remotehustle/repo-3bfc0', 'https://loom.com/3bfc0', 'pending');
INSERT INTO submissions (id, participant_id, challenge_id, repo_url, demo_video_url, status) VALUES ('334858eb-46f8-405d-958f-005227aa0d74', '40f18553-6192-462e-b103-fe57afb186dc', 1, 'https://github.com/remotehustle/repo-33485', 'https://loom.com/33485', 'pending');
INSERT INTO submissions (id, participant_id, challenge_id, repo_url, demo_video_url, status) VALUES ('e845febc-9e1a-4526-8550-0c37ae98fc38', '5d3ad96f-4e00-4022-94a9-e366ac95ac7d', 1, 'https://github.com/remotehustle/repo-e845f', 'https://loom.com/e845f', 'under_review');
INSERT INTO submissions (id, participant_id, challenge_id, repo_url, demo_video_url, status) VALUES ('0eb6dcdf-b2c8-49df-894b-0ec0ce1cf5dc', '18d32ebd-bb6f-468e-8b3b-f83b3fc85656', 1, 'https://github.com/remotehustle/repo-0eb6d', 'https://loom.com/0eb6d', 'under_review');
INSERT INTO submissions (id, participant_id, challenge_id, repo_url, demo_video_url, status) VALUES ('0b8286b4-52ca-4d26-a7fe-849518963921', '976042f2-f57b-40a7-b60f-06976d92d46a', 1, 'https://github.com/remotehustle/repo-0b828', 'https://loom.com/0b828', 'under_review');
INSERT INTO submissions (id, participant_id, challenge_id, repo_url, demo_video_url, status) VALUES ('311f115a-8ad9-4557-aef7-26ddf265b0f7', '0e9ee0e9-8b04-457e-98d3-6bc997ec6a9a', 1, 'https://github.com/remotehustle/repo-311f1', 'https://loom.com/311f1', 'pending');
INSERT INTO submissions (id, participant_id, challenge_id, repo_url, demo_video_url, status) VALUES ('698e3077-396a-4a0e-ac2a-20c46cc45ba1', '8566c1fd-0d44-4497-b5a0-e870df0a547e', 1, 'https://github.com/remotehustle/repo-698e3', 'https://loom.com/698e3', 'completed');
INSERT INTO submissions (id, participant_id, challenge_id, repo_url, demo_video_url, status) VALUES ('84e371d0-78fa-4697-b674-5d3161e4ce3a', '7433d066-683f-41fd-bf7d-4209cf67fa7d', 1, 'https://github.com/remotehustle/repo-84e37', 'https://loom.com/84e37', 'pending');
INSERT INTO submissions (id, participant_id, challenge_id, repo_url, demo_video_url, status) VALUES ('277cd82b-a4ae-4289-8e0e-48a6f30dd833', '1102db4d-59dd-41d4-8c83-786c63549fa8', 1, 'https://github.com/remotehustle/repo-277cd', 'https://loom.com/277cd', 'under_review');
INSERT INTO submissions (id, participant_id, challenge_id, repo_url, demo_video_url, status) VALUES ('7f2c4097-dbbf-4276-ae42-d5f62be2745d', 'aa4d0ebd-c640-4346-a63b-b08a437db79c', 1, 'https://github.com/remotehustle/repo-7f2c4', 'https://loom.com/7f2c4', 'completed');
INSERT INTO submissions (id, participant_id, challenge_id, repo_url, demo_video_url, status) VALUES ('7d4ca37f-c95d-4b2c-955f-03e13bd74f73', '4abe3f9d-efd2-4041-8d3d-228fe39dd40f', 1, 'https://github.com/remotehustle/repo-7d4ca', 'https://loom.com/7d4ca', 'completed');
INSERT INTO submissions (id, participant_id, challenge_id, repo_url, demo_video_url, status) VALUES ('f7ce848d-d30c-47a9-8b28-6aaef9ca45eb', '4dc47366-8033-4e71-83f5-3610f0ddeb50', 1, 'https://github.com/remotehustle/repo-f7ce8', 'https://loom.com/f7ce8', 'completed');
INSERT INTO submissions (id, participant_id, challenge_id, repo_url, demo_video_url, status) VALUES ('8b52d9bd-12a9-40a8-b2d6-2ed21d6a3b9a', '1a851399-f809-480c-a72a-c459388e537d', 1, 'https://github.com/remotehustle/repo-8b52d', 'https://loom.com/8b52d', 'under_review');
INSERT INTO submissions (id, participant_id, challenge_id, repo_url, demo_video_url, status) VALUES ('8471cdcf-d60d-4f97-b6b1-4d7959877469', '89e6bb8e-d771-45de-a5d0-5bbade588d4f', 1, 'https://github.com/remotehustle/repo-8471c', 'https://loom.com/8471c', 'under_review');
INSERT INTO submissions (id, participant_id, challenge_id, repo_url, demo_video_url, status) VALUES ('02814394-16a1-474d-aeb1-851ab26d586a', '75853ebf-d9f4-45f6-8adb-9e5fd7a5fa08', 1, 'https://github.com/remotehustle/repo-02814', 'https://loom.com/02814', 'pending');
INSERT INTO submissions (id, participant_id, challenge_id, repo_url, demo_video_url, status) VALUES ('0a5b066a-cc7f-43ca-adf3-d4c550560511', '243ec38e-0c88-4eb8-b19d-45152f7b1c1e', 1, 'https://github.com/remotehustle/repo-0a5b0', 'https://loom.com/0a5b0', 'pending');
INSERT INTO submissions (id, participant_id, challenge_id, repo_url, demo_video_url, status) VALUES ('93903ec6-81ab-4bde-ab1c-c81a38df0c0f', '5220896b-df21-4a37-b3fb-dec7f25a70c0', 1, 'https://github.com/remotehustle/repo-93903', 'https://loom.com/93903', 'completed');
INSERT INTO submissions (id, participant_id, challenge_id, repo_url, demo_video_url, status) VALUES ('fa8891ec-b1b3-48c6-917a-b89b674dafdb', 'c2a9316e-b0d2-42fb-ab78-8e17a7dfa18c', 1, 'https://github.com/remotehustle/repo-fa889', 'https://loom.com/fa889', 'under_review');
INSERT INTO submissions (id, participant_id, challenge_id, repo_url, demo_video_url, status) VALUES ('59bdddd0-4bfd-43da-b1f2-d087194a0d86', 'dc7ae8cd-6b55-425c-bb00-76ff50c050c2', 1, 'https://github.com/remotehustle/repo-59bdd', 'https://loom.com/59bdd', 'pending');
INSERT INTO submissions (id, participant_id, challenge_id, repo_url, demo_video_url, status) VALUES ('b84db826-966e-4b15-9f53-0cdb43639bb0', '59ad7a70-252e-4f62-8e8e-bcb30db561db', 1, 'https://github.com/remotehustle/repo-b84db', 'https://loom.com/b84db', 'under_review');
INSERT INTO submissions (id, participant_id, challenge_id, repo_url, demo_video_url, status) VALUES ('c465bd35-9218-41b7-9780-338ba6d0e7a3', '5c9ead4c-edee-4268-8cbc-a9e9b6fa4e0e', 1, 'https://github.com/remotehustle/repo-c465b', 'https://loom.com/c465b', 'pending');
INSERT INTO submissions (id, participant_id, challenge_id, repo_url, demo_video_url, status) VALUES ('4b7393ba-b565-4242-af26-0e3b00e67368', '44722d9a-b624-4271-888e-445481e30119', 1, 'https://github.com/remotehustle/repo-4b739', 'https://loom.com/4b739', 'pending');
INSERT INTO submissions (id, participant_id, challenge_id, repo_url, demo_video_url, status) VALUES ('4132d4d5-f930-489d-b7d4-d5d09c7d14aa', '894a06b6-0ec5-4337-8c17-ab2d824239c0', 1, 'https://github.com/remotehustle/repo-4132d', 'https://loom.com/4132d', 'pending');
INSERT INTO submissions (id, participant_id, challenge_id, repo_url, demo_video_url, status) VALUES ('0e306791-2c2c-42a5-bf8c-b28ff5abb158', '1c661143-35f1-405c-b2d0-8d24d01c6dcc', 1, 'https://github.com/remotehustle/repo-0e306', 'https://loom.com/0e306', 'pending');
INSERT INTO submissions (id, participant_id, challenge_id, repo_url, demo_video_url, status) VALUES ('4d4fbe97-9489-40f7-ab50-73e2508b35fa', 'cf2495fc-8cfa-4382-acf4-86d4517089ed', 1, 'https://github.com/remotehustle/repo-4d4fb', 'https://loom.com/4d4fb', 'completed');
INSERT INTO submissions (id, participant_id, challenge_id, repo_url, demo_video_url, status) VALUES ('1a66ba5a-88a8-4ec1-b56f-e4c3eb10d465', 'e6af4df3-1f76-4737-ad55-330f23b27636', 1, 'https://github.com/remotehustle/repo-1a66b', 'https://loom.com/1a66b', 'completed');
INSERT INTO submissions (id, participant_id, challenge_id, repo_url, demo_video_url, status) VALUES ('8b6f9243-551a-4251-bbeb-63527586d489', 'cefa669e-2096-48a9-8c61-32f0ab5665e3', 1, 'https://github.com/remotehustle/repo-8b6f9', 'https://loom.com/8b6f9', 'pending');
INSERT INTO submissions (id, participant_id, challenge_id, repo_url, demo_video_url, status) VALUES ('a07f4d53-1c05-4101-9206-0677403c6fa0', '7984924c-8dec-43e4-b95f-92d3a33e552d', 1, 'https://github.com/remotehustle/repo-a07f4', 'https://loom.com/a07f4', 'completed');
INSERT INTO submissions (id, participant_id, challenge_id, repo_url, demo_video_url, status) VALUES ('9af326a9-04b7-442a-96d8-628abb4c291b', '5efd6606-763c-4067-b820-8b5e8cfbe80e', 1, 'https://github.com/remotehustle/repo-9af32', 'https://loom.com/9af32', 'completed');
INSERT INTO submissions (id, participant_id, challenge_id, repo_url, demo_video_url, status) VALUES ('8220723f-789c-4280-808a-cd61401b8d11', '10b9ddf0-bff6-430e-a8dd-e2bef5fd3e5c', 1, 'https://github.com/remotehustle/repo-82207', 'https://loom.com/82207', 'pending');
INSERT INTO submissions (id, participant_id, challenge_id, repo_url, demo_video_url, status) VALUES ('a65f29a2-1749-4405-88f1-c3c13434ad30', 'b281cb98-8bf2-48aa-a8bb-1ad71adb5f4d', 1, 'https://github.com/remotehustle/repo-a65f2', 'https://loom.com/a65f2', 'pending');
INSERT INTO submissions (id, participant_id, challenge_id, repo_url, demo_video_url, status) VALUES ('26fdb98e-1d90-40fb-8324-46df41438889', '6a219be5-45d1-47d1-8671-81c7d81a74fa', 1, 'https://github.com/remotehustle/repo-26fdb', 'https://loom.com/26fdb', 'completed');
INSERT INTO submissions (id, participant_id, challenge_id, repo_url, demo_video_url, status) VALUES ('c65c8175-b7fc-44c0-a162-c69c8c27262f', '7570e649-f0fd-42f8-8163-75927785a323', 1, 'https://github.com/remotehustle/repo-c65c8', 'https://loom.com/c65c8', 'pending');
INSERT INTO submissions (id, participant_id, challenge_id, repo_url, demo_video_url, status) VALUES ('a3f8c7a6-3212-4be7-9b07-359819ca7fe0', 'd2ff0aa8-7eec-4c2f-b947-bd3d5106b309', 1, 'https://github.com/remotehustle/repo-a3f8c', 'https://loom.com/a3f8c', 'pending');
INSERT INTO submissions (id, participant_id, challenge_id, repo_url, demo_video_url, status) VALUES ('1e010e62-c238-41f0-9e28-51515368af7b', 'daa0ac4f-521e-46ef-a99a-a3eeb07c2a2a', 1, 'https://github.com/remotehustle/repo-1e010', 'https://loom.com/1e010', 'under_review');
INSERT INTO submissions (id, participant_id, challenge_id, repo_url, demo_video_url, status) VALUES ('e1780d88-f874-4185-830b-b10cbe19d6e4', '49fe4e0f-e18d-40d4-bc56-9a18b31cb963', 1, 'https://github.com/remotehustle/repo-e1780', 'https://loom.com/e1780', 'under_review');
INSERT INTO submissions (id, participant_id, challenge_id, repo_url, demo_video_url, status) VALUES ('a6fda241-373d-47d1-92d7-0dd8c62c93e0', '5e82b881-d7fa-46e9-9d7d-93fff50ec4a1', 1, 'https://github.com/remotehustle/repo-a6fda', 'https://loom.com/a6fda', 'completed');
INSERT INTO submissions (id, participant_id, challenge_id, repo_url, demo_video_url, status) VALUES ('e8a2dc32-4bbd-4a49-9c8a-b46bf8a8960b', 'feacca14-2c2d-4d5d-82a4-f023ad5097ce', 1, 'https://github.com/remotehustle/repo-e8a2d', 'https://loom.com/e8a2d', 'under_review');
INSERT INTO submissions (id, participant_id, challenge_id, repo_url, demo_video_url, status) VALUES ('c1665b7c-c3fd-4e20-8c1f-0cfdea883509', 'e172fffc-3b9c-47ae-9be4-d5ff50e6b55c', 1, 'https://github.com/remotehustle/repo-c1665', 'https://loom.com/c1665', 'pending');
INSERT INTO submissions (id, participant_id, challenge_id, repo_url, demo_video_url, status) VALUES ('47c92b91-c0cf-4b6b-817b-2c7f7c4ad7a8', 'fa340551-d556-49f2-8f2e-ff9956539ee0', 1, 'https://github.com/remotehustle/repo-47c92', 'https://loom.com/47c92', 'pending');
INSERT INTO submissions (id, participant_id, challenge_id, repo_url, demo_video_url, status) VALUES ('94c36f0c-9f7c-430e-9d02-4f42345c1d23', 'b8a91a5d-2df5-4ba1-95e7-836a1234da51', 1, 'https://github.com/remotehustle/repo-94c36', 'https://loom.com/94c36', 'pending');
INSERT INTO submissions (id, participant_id, challenge_id, repo_url, demo_video_url, status) VALUES ('7ffb66af-6cd8-43b0-a052-f04b1a2c397b', '538f2714-88a7-4916-8464-37cb0a33169d', 1, 'https://github.com/remotehustle/repo-7ffb6', 'https://loom.com/7ffb6', 'under_review');
INSERT INTO submissions (id, participant_id, challenge_id, repo_url, demo_video_url, status) VALUES ('64ac110e-31e3-4c42-b9d3-991b353dd9c5', 'd9c11f04-0f3e-4484-969d-a72683acd69d', 1, 'https://github.com/remotehustle/repo-64ac1', 'https://loom.com/64ac1', 'pending');
INSERT INTO submissions (id, participant_id, challenge_id, repo_url, demo_video_url, status) VALUES ('0ddda8f8-8ebd-4128-8448-760e3fbfc951', 'b7aeec2a-066c-4d77-a7d9-a51a7bbe41e3', 1, 'https://github.com/remotehustle/repo-0ddda', 'https://loom.com/0ddda', 'completed');
INSERT INTO submissions (id, participant_id, challenge_id, repo_url, demo_video_url, status) VALUES ('58b18c60-c02f-4663-863f-22790ee39c71', 'd1ad7d19-2b2b-4636-821a-1642048db79c', 1, 'https://github.com/remotehustle/repo-58b18', 'https://loom.com/58b18', 'completed');
INSERT INTO submissions (id, participant_id, challenge_id, repo_url, demo_video_url, status) VALUES ('ad23964e-9793-4cff-8881-cb64d1c91264', 'bda9d07e-b7ef-4375-a0dd-4a6eb4b15550', 1, 'https://github.com/remotehustle/repo-ad239', 'https://loom.com/ad239', 'under_review');
INSERT INTO submissions (id, participant_id, challenge_id, repo_url, demo_video_url, status) VALUES ('73733bcb-32ca-4c40-88e2-f5455295f60d', '2e4ff86a-dc09-4225-ab37-8759a363395f', 1, 'https://github.com/remotehustle/repo-73733', 'https://loom.com/73733', 'pending');
INSERT INTO submissions (id, participant_id, challenge_id, repo_url, demo_video_url, status) VALUES ('8f48c598-722d-4fc7-8283-8ec9757b2559', 'ce5d3554-4918-4b6b-8508-00ce89ecf034', 1, 'https://github.com/remotehustle/repo-8f48c', 'https://loom.com/8f48c', 'under_review');
INSERT INTO submissions (id, participant_id, challenge_id, repo_url, demo_video_url, status) VALUES ('db97deef-6081-41df-8bf6-936d06aff1ad', 'f4b4a25e-044c-4b05-976c-966429c7e606', 1, 'https://github.com/remotehustle/repo-db97d', 'https://loom.com/db97d', 'completed');
INSERT INTO submissions (id, participant_id, challenge_id, repo_url, demo_video_url, status) VALUES ('93a1945c-47b8-4714-86d1-24c33317bc47', '6774742d-5fa5-4a33-8d74-01e16a4c0986', 1, 'https://github.com/remotehustle/repo-93a19', 'https://loom.com/93a19', 'under_review');
INSERT INTO submissions (id, participant_id, challenge_id, repo_url, demo_video_url, status) VALUES ('7b75ef97-b618-4fd1-8ca2-3f8db2924075', '4a72506e-23a2-4826-975a-dce34ee3555f', 1, 'https://github.com/remotehustle/repo-7b75e', 'https://loom.com/7b75e', 'under_review');
INSERT INTO submissions (id, participant_id, challenge_id, repo_url, demo_video_url, status) VALUES ('f2ee677e-67ae-4a14-8bb1-4c85a68d2a22', '8be4a705-61ee-4392-b956-df8e4a1652b8', 1, 'https://github.com/remotehustle/repo-f2ee6', 'https://loom.com/f2ee6', 'under_review');
INSERT INTO submissions (id, participant_id, challenge_id, repo_url, demo_video_url, status) VALUES ('beef1667-1a09-4814-b235-2f64f636c296', '292e8767-90c1-4765-a8da-0b2af37b1c74', 1, 'https://github.com/remotehustle/repo-beef1', 'https://loom.com/beef1', 'pending');
INSERT INTO submissions (id, participant_id, challenge_id, repo_url, demo_video_url, status) VALUES ('d712a71c-aa06-407e-89fc-b0e4d86a60d0', 'bb334505-5dc9-4763-a281-197a0079d90b', 1, 'https://github.com/remotehustle/repo-d712a', 'https://loom.com/d712a', 'pending');
INSERT INTO submissions (id, participant_id, challenge_id, repo_url, demo_video_url, status) VALUES ('a63280c0-baf7-4c86-bec7-6e553acd91c1', 'b0520e48-5a67-4860-8b51-172dddc36282', 1, 'https://github.com/remotehustle/repo-a6328', 'https://loom.com/a6328', 'pending');
INSERT INTO submissions (id, participant_id, challenge_id, repo_url, demo_video_url, status) VALUES ('36060e15-c352-4869-a868-140fa5ac9f4d', '76e6075a-458c-4275-8d69-28c3db4e1315', 1, 'https://github.com/remotehustle/repo-36060', 'https://loom.com/36060', 'completed');
INSERT INTO submissions (id, participant_id, challenge_id, repo_url, demo_video_url, status) VALUES ('df2590dc-a15c-42b9-a259-e02d49c48ca1', 'ab710e40-0d9c-42a8-84af-db7bbdace4de', 1, 'https://github.com/remotehustle/repo-df259', 'https://loom.com/df259', 'pending');
INSERT INTO submissions (id, participant_id, challenge_id, repo_url, demo_video_url, status) VALUES ('7a28ae61-06ee-4ddc-9b3e-a1bfbf1d858e', 'e361e91a-e206-43c9-a9f7-4eb028c2115b', 1, 'https://github.com/remotehustle/repo-7a28a', 'https://loom.com/7a28a', 'under_review');
INSERT INTO submissions (id, participant_id, challenge_id, repo_url, demo_video_url, status) VALUES ('d1927001-1395-4b04-b647-14f6fa8de9e0', 'cfa5a7dc-26c5-4bf0-8eaa-a4e0f1a1f907', 1, 'https://github.com/remotehustle/repo-d1927', 'https://loom.com/d1927', 'pending');
INSERT INTO submissions (id, participant_id, challenge_id, repo_url, demo_video_url, status) VALUES ('f87c2130-fb0a-4946-abd2-92be81bf6a43', '7f1fd839-3bdb-402b-81e5-8481f74400fb', 1, 'https://github.com/remotehustle/repo-f87c2', 'https://loom.com/f87c2', 'pending');
INSERT INTO submissions (id, participant_id, challenge_id, repo_url, demo_video_url, status) VALUES ('3ec4d57b-48f6-456a-add9-f410dab50f94', '0ebcbe5c-839f-43fd-8c60-7eebd0f7c226', 1, 'https://github.com/remotehustle/repo-3ec4d', 'https://loom.com/3ec4d', 'completed');
INSERT INTO submissions (id, participant_id, challenge_id, repo_url, demo_video_url, status) VALUES ('78d78452-b81d-4986-a431-24fe3d8cf0b8', 'af04f9fd-4c2c-4062-ad70-dabc991e650c', 1, 'https://github.com/remotehustle/repo-78d78', 'https://loom.com/78d78', 'pending');
INSERT INTO submissions (id, participant_id, challenge_id, repo_url, demo_video_url, status) VALUES ('e86374e0-6b6d-4753-9eaf-9fbb65209443', '7a4d2073-06ce-4620-ace1-26e16d39264f', 1, 'https://github.com/remotehustle/repo-e8637', 'https://loom.com/e8637', 'pending');
INSERT INTO submissions (id, participant_id, challenge_id, repo_url, demo_video_url, status) VALUES ('9d10bd82-57ee-4b83-a251-6fefd011bf27', 'b4b62503-0975-4c0c-b8d7-15a281f52794', 1, 'https://github.com/remotehustle/repo-9d10b', 'https://loom.com/9d10b', 'under_review');
INSERT INTO submissions (id, participant_id, challenge_id, repo_url, demo_video_url, status) VALUES ('a54dc757-9c48-4fc5-8aea-a6cfb20f944a', 'ded7130f-2837-414b-b3fd-131b584a7932', 1, 'https://github.com/remotehustle/repo-a54dc', 'https://loom.com/a54dc', 'under_review');
INSERT INTO submissions (id, participant_id, challenge_id, repo_url, demo_video_url, status) VALUES ('ae8b67cc-55be-4ad3-a1ec-c33b80f52067', '0c8f764d-91b9-4e87-85f3-3933f657bbcc', 1, 'https://github.com/remotehustle/repo-ae8b6', 'https://loom.com/ae8b6', 'under_review');
INSERT INTO submissions (id, participant_id, challenge_id, repo_url, demo_video_url, status) VALUES ('9ecf2f1d-f695-487c-8397-c684d62d68f3', '87f3db76-04af-4df6-8612-4241da1ea356', 1, 'https://github.com/remotehustle/repo-9ecf2', 'https://loom.com/9ecf2', 'under_review');
INSERT INTO submissions (id, participant_id, challenge_id, repo_url, demo_video_url, status) VALUES ('1143d203-f14b-459f-9ba9-e73db58e0e39', 'a7e8c6d5-1fa2-47cc-af60-01fe64883111', 1, 'https://github.com/remotehustle/repo-1143d', 'https://loom.com/1143d', 'under_review');
INSERT INTO submissions (id, participant_id, challenge_id, repo_url, demo_video_url, status) VALUES ('d20e7659-b3f9-483a-b765-f40085cceba3', 'b980d7ea-1392-4669-b1c2-1bdbc40e9764', 1, 'https://github.com/remotehustle/repo-d20e7', 'https://loom.com/d20e7', 'completed');
INSERT INTO submissions (id, participant_id, challenge_id, repo_url, demo_video_url, status) VALUES ('a35917b2-131f-4fab-8a9f-b99cff912fce', '3d068ffe-01bf-483b-bade-99d08609b7a4', 1, 'https://github.com/remotehustle/repo-a3591', 'https://loom.com/a3591', 'under_review');
INSERT INTO submissions (id, participant_id, challenge_id, repo_url, demo_video_url, status) VALUES ('b687a3a6-d45a-4bb6-921d-406421d38aea', '66cf2abb-088b-4501-a545-3a42c5e5d9a0', 1, 'https://github.com/remotehustle/repo-b687a', 'https://loom.com/b687a', 'completed');
INSERT INTO submissions (id, participant_id, challenge_id, repo_url, demo_video_url, status) VALUES ('53396cbe-fd61-4093-ade1-005753d2b65b', 'cb878ce0-c9f3-4704-aa5e-82d0eec3930c', 1, 'https://github.com/remotehustle/repo-53396', 'https://loom.com/53396', 'completed');
INSERT INTO evaluations (id, submission_id, judge_id, score, feedback) VALUES ('529845e5-9bb5-417e-8a1c-af1ec49b41b1', '94c36f0c-9f7c-430e-9d02-4f42345c1d23', 'e6afaee2-ce78-4a2f-ba2c-6ef0dab4947b', 87, 'Documentation could be better.');
INSERT INTO evaluations (id, submission_id, judge_id, score, feedback) VALUES ('211d66c2-3e1f-43b9-a2a8-cad58ff876d5', 'a63280c0-baf7-4c86-bec7-6e553acd91c1', '60e7a4e5-6b3f-473f-a968-f96f032f00e2', 67, 'Excellent database design.');
INSERT INTO evaluations (id, submission_id, judge_id, score, feedback) VALUES ('58060dda-eb83-4588-bbea-794e1ae4bff2', '58b18c60-c02f-4663-863f-22790ee39c71', '792e89f2-f278-4799-8634-2c770ee661fe', 60, 'Impressive schema logic.');
INSERT INTO evaluations (id, submission_id, judge_id, score, feedback) VALUES ('d1e86108-a367-45ae-8f96-4ddc01b612da', '7f2c4097-dbbf-4276-ae42-d5f62be2745d', 'e6afaee2-ce78-4a2f-ba2c-6ef0dab4947b', 98, 'Great work!');
INSERT INTO evaluations (id, submission_id, judge_id, score, feedback) VALUES ('09833a8e-c742-4543-a913-e44e11c67490', 'a6fda241-373d-47d1-92d7-0dd8c62c93e0', 'f15eb8e1-864a-44d8-9238-d89dd748387c', 92, 'Great work!');
INSERT INTO evaluations (id, submission_id, judge_id, score, feedback) VALUES ('ed916cef-fbec-4720-a9fa-939349d02d94', 'ad23964e-9793-4cff-8881-cb64d1c91264', '0c4676f0-5fb0-4b63-a3d1-ed104a3aad2d', 76, 'Excellent database design.');
INSERT INTO evaluations (id, submission_id, judge_id, score, feedback) VALUES ('021a30bd-1b7f-485e-8770-6ce0194f40ba', '0e306791-2c2c-42a5-bf8c-b28ff5abb158', '0c4676f0-5fb0-4b63-a3d1-ed104a3aad2d', 68, 'Excellent database design.');
INSERT INTO evaluations (id, submission_id, judge_id, score, feedback) VALUES ('3e2cd494-a903-44d6-b809-0d33d75f9274', 'd712a71c-aa06-407e-89fc-b0e4d86a60d0', 'be0442bf-8810-47e1-a03d-57e8e5791041', 95, 'Excellent database design.');
INSERT INTO evaluations (id, submission_id, judge_id, score, feedback) VALUES ('bf153277-6460-402b-af01-75f6e3f5ab9e', 'df2590dc-a15c-42b9-a259-e02d49c48ca1', '43845323-e053-47d3-9699-a83657680e7e', 100, 'Impressive schema logic.');
INSERT INTO evaluations (id, submission_id, judge_id, score, feedback) VALUES ('d13babb5-252f-4b77-a72e-b0686e63632f', 'c1665b7c-c3fd-4e20-8c1f-0cfdea883509', '60e7a4e5-6b3f-473f-a968-f96f032f00e2', 75, 'Excellent database design.');
INSERT INTO evaluations (id, submission_id, judge_id, score, feedback) VALUES ('b8b143c3-a3d9-4464-aca9-cc1ee75632cd', '9af326a9-04b7-442a-96d8-628abb4c291b', 'f1754b2c-83bc-42ce-9190-88d880967675', 84, 'Excellent database design.');
INSERT INTO evaluations (id, submission_id, judge_id, score, feedback) VALUES ('7c240710-1d8d-43a0-a013-0a238a3ab97f', '0eb6dcdf-b2c8-49df-894b-0ec0ce1cf5dc', '60e7a4e5-6b3f-473f-a968-f96f032f00e2', 74, 'Clean code.');
INSERT INTO evaluations (id, submission_id, judge_id, score, feedback) VALUES ('a0545de1-c420-46b6-ba1f-8a9b66d4c496', 'a35917b2-131f-4fab-8a9f-b99cff912fce', '792e89f2-f278-4799-8634-2c770ee661fe', 79, 'Great work!');
INSERT INTO evaluations (id, submission_id, judge_id, score, feedback) VALUES ('b8dc146a-fed9-45b2-8930-13390ecfdd04', '84e371d0-78fa-4697-b674-5d3161e4ce3a', '60e7a4e5-6b3f-473f-a968-f96f032f00e2', 87, 'Clean code.');
INSERT INTO evaluations (id, submission_id, judge_id, score, feedback) VALUES ('c3e32ffc-37f2-4cd2-97c6-856e34062296', 'a54dc757-9c48-4fc5-8aea-a6cfb20f944a', 'be0442bf-8810-47e1-a03d-57e8e5791041', 60, 'Clean code.');
INSERT INTO evaluations (id, submission_id, judge_id, score, feedback) VALUES ('c23ec351-178f-4fe0-8f1a-b0c531288c9a', 'a63280c0-baf7-4c86-bec7-6e553acd91c1', '43845323-e053-47d3-9699-a83657680e7e', 63, 'Great work!');
INSERT INTO evaluations (id, submission_id, judge_id, score, feedback) VALUES ('13995983-40e6-455a-b8fb-a9cc872aff0a', 'c1665b7c-c3fd-4e20-8c1f-0cfdea883509', '43845323-e053-47d3-9699-a83657680e7e', 95, 'Impressive schema logic.');
INSERT INTO evaluations (id, submission_id, judge_id, score, feedback) VALUES ('beb844c6-5330-4974-92fa-112d49c0c89f', '47c92b91-c0cf-4b6b-817b-2c7f7c4ad7a8', '43845323-e053-47d3-9699-a83657680e7e', 83, 'Excellent database design.');
INSERT INTO evaluations (id, submission_id, judge_id, score, feedback) VALUES ('3eab4bf4-b75c-4bd7-a266-f1807aa70e47', '0ddda8f8-8ebd-4128-8448-760e3fbfc951', '792e89f2-f278-4799-8634-2c770ee661fe', 96, 'Excellent database design.');
INSERT INTO evaluations (id, submission_id, judge_id, score, feedback) VALUES ('ab08df56-50fc-44cd-9609-33142de9da7a', '9d10bd82-57ee-4b83-a251-6fefd011bf27', 'a6bb311a-7533-4925-b096-26a670f0f43b', 92, 'Impressive schema logic.');
INSERT INTO evaluations (id, submission_id, judge_id, score, feedback) VALUES ('a30f58be-9c44-4bba-9c39-94c21549b9aa', '4d4fbe97-9489-40f7-ab50-73e2508b35fa', 'f1754b2c-83bc-42ce-9190-88d880967675', 79, 'Impressive schema logic.');
INSERT INTO evaluations (id, submission_id, judge_id, score, feedback) VALUES ('ca5bedb2-108e-4cf3-96eb-befeef8698a9', 'a35917b2-131f-4fab-8a9f-b99cff912fce', '60e7a4e5-6b3f-473f-a968-f96f032f00e2', 85, 'Impressive schema logic.');
INSERT INTO evaluations (id, submission_id, judge_id, score, feedback) VALUES ('edb9b189-a4c6-4743-b0c7-fe3422f88303', '47c92b91-c0cf-4b6b-817b-2c7f7c4ad7a8', 'f1754b2c-83bc-42ce-9190-88d880967675', 60, 'Excellent database design.');
INSERT INTO evaluations (id, submission_id, judge_id, score, feedback) VALUES ('9200e7e8-7aa2-435c-8325-4557c21bb79d', 'b687a3a6-d45a-4bb6-921d-406421d38aea', 'f15eb8e1-864a-44d8-9238-d89dd748387c', 98, 'Impressive schema logic.');
INSERT INTO evaluations (id, submission_id, judge_id, score, feedback) VALUES ('f003e584-2c03-4745-a4ba-2ea1deeb042e', '9af326a9-04b7-442a-96d8-628abb4c291b', '60e7a4e5-6b3f-473f-a968-f96f032f00e2', 80, 'Clean code.');
INSERT INTO evaluations (id, submission_id, judge_id, score, feedback) VALUES ('35a89d9e-9f0f-42a1-8dca-7c4b64b40830', '8f48c598-722d-4fc7-8283-8ec9757b2559', 'be0442bf-8810-47e1-a03d-57e8e5791041', 68, 'Clean code.');
INSERT INTO evaluations (id, submission_id, judge_id, score, feedback) VALUES ('c9ddaffe-b9da-418b-ac0c-6d45a48c08a7', '8220723f-789c-4280-808a-cd61401b8d11', '43845323-e053-47d3-9699-a83657680e7e', 81, 'Great work!');
INSERT INTO evaluations (id, submission_id, judge_id, score, feedback) VALUES ('61d99406-2667-4e38-a44d-d369a384ea86', '8f48c598-722d-4fc7-8283-8ec9757b2559', 'f1754b2c-83bc-42ce-9190-88d880967675', 66, 'Documentation could be better.');
INSERT INTO evaluations (id, submission_id, judge_id, score, feedback) VALUES ('27e1f2a0-5ea8-4a7b-a9a9-23c1aea2157f', '78d78452-b81d-4986-a431-24fe3d8cf0b8', '792e89f2-f278-4799-8634-2c770ee661fe', 83, 'Excellent database design.');
INSERT INTO evaluations (id, submission_id, judge_id, score, feedback) VALUES ('307ffcdf-9d78-41c3-bfe9-6284f4f60b56', '9d10bd82-57ee-4b83-a251-6fefd011bf27', '792e89f2-f278-4799-8634-2c770ee661fe', 72, 'Great work!');
INSERT INTO evaluations (id, submission_id, judge_id, score, feedback) VALUES ('5d684a0f-41d3-4be5-99d8-4c52e21b5ba9', '9af326a9-04b7-442a-96d8-628abb4c291b', 'e6afaee2-ce78-4a2f-ba2c-6ef0dab4947b', 75, 'Excellent database design.');
INSERT INTO evaluations (id, submission_id, judge_id, score, feedback) VALUES ('f88125f1-7590-4591-9f20-7ce6e3713137', '94c36f0c-9f7c-430e-9d02-4f42345c1d23', 'e6afaee2-ce78-4a2f-ba2c-6ef0dab4947b', 60, 'Documentation could be better.');
INSERT INTO evaluations (id, submission_id, judge_id, score, feedback) VALUES ('32621a49-5dff-4440-9fa5-f887411b8848', 'e845febc-9e1a-4526-8550-0c37ae98fc38', 'be0442bf-8810-47e1-a03d-57e8e5791041', 67, 'Impressive schema logic.');
INSERT INTO evaluations (id, submission_id, judge_id, score, feedback) VALUES ('abb8955f-86a9-4b7f-8ef8-268fbd25ce54', '8b52d9bd-12a9-40a8-b2d6-2ed21d6a3b9a', 'be0442bf-8810-47e1-a03d-57e8e5791041', 98, 'Impressive schema logic.');
INSERT INTO evaluations (id, submission_id, judge_id, score, feedback) VALUES ('f0e52c4e-4b02-4e32-bae2-9e0d8226f4b0', '84e371d0-78fa-4697-b674-5d3161e4ce3a', 'e6afaee2-ce78-4a2f-ba2c-6ef0dab4947b', 79, 'Great work!');
INSERT INTO evaluations (id, submission_id, judge_id, score, feedback) VALUES ('e290f770-1a9d-4a82-b2a2-6b5902b659b4', 'ad23964e-9793-4cff-8881-cb64d1c91264', 'e6afaee2-ce78-4a2f-ba2c-6ef0dab4947b', 67, 'Impressive schema logic.');
INSERT INTO evaluations (id, submission_id, judge_id, score, feedback) VALUES ('9bc7a414-b630-4aa7-b56b-b3d574b7d70c', '93903ec6-81ab-4bde-ab1c-c81a38df0c0f', '792e89f2-f278-4799-8634-2c770ee661fe', 77, 'Impressive schema logic.');
INSERT INTO evaluations (id, submission_id, judge_id, score, feedback) VALUES ('ad2578d8-b449-49f5-99cc-9a1716ff86fe', '3ec4d57b-48f6-456a-add9-f410dab50f94', '0c4676f0-5fb0-4b63-a3d1-ed104a3aad2d', 69, 'Documentation could be better.');
INSERT INTO evaluations (id, submission_id, judge_id, score, feedback) VALUES ('34f5c98c-305c-4a1e-bd19-4833eaf94464', '58b18c60-c02f-4663-863f-22790ee39c71', '43845323-e053-47d3-9699-a83657680e7e', 95, 'Impressive schema logic.');
INSERT INTO evaluations (id, submission_id, judge_id, score, feedback) VALUES ('a2adabf7-6b3a-4ddf-8be1-252c1e4e4910', '9d10bd82-57ee-4b83-a251-6fefd011bf27', '792e89f2-f278-4799-8634-2c770ee661fe', 61, 'Impressive schema logic.');
INSERT INTO audit_logs (action, table_name, actor_id) VALUES ('UPDATE_SCORE', 'users', '1a8f27a1-9cf3-4f64-870a-a0de16ef44a6');
INSERT INTO audit_logs (action, table_name, actor_id) VALUES ('CREATE_USER', 'users', '1a8f27a1-9cf3-4f64-870a-a0de16ef44a6');
INSERT INTO audit_logs (action, table_name, actor_id) VALUES ('APPROVE_SUBMISSION', 'users', 'be0442bf-8810-47e1-a03d-57e8e5791041');
INSERT INTO audit_logs (action, table_name, actor_id) VALUES ('UPDATE_SCORE', 'evaluations', '43845323-e053-47d3-9699-a83657680e7e');
INSERT INTO audit_logs (action, table_name, actor_id) VALUES ('CREATE_USER', 'submissions', 'f15eb8e1-864a-44d8-9238-d89dd748387c');
INSERT INTO audit_logs (action, table_name, actor_id) VALUES ('CREATE_USER', 'submissions', 'f1754b2c-83bc-42ce-9190-88d880967675');
INSERT INTO audit_logs (action, table_name, actor_id) VALUES ('CREATE_USER', 'submissions', 'be0442bf-8810-47e1-a03d-57e8e5791041');
INSERT INTO audit_logs (action, table_name, actor_id) VALUES ('APPROVE_SUBMISSION', 'evaluations', '1a8f27a1-9cf3-4f64-870a-a0de16ef44a6');
